inicio,fim,tamanho
2004-11-27,2005-04-25,150
2005-11-23,2006-03-18,116
2007-03-18,2007-05-24,68
2023-10-27,2023-12-31,66
2003-12-06,2004-01-30,56
2003-07-15,2003-08-28,45
2022-11-21,2022-12-17,27
2004-06-02,2004-06-15,14
2023-06-23,2023-07-06,14
2014-12-04,2014-12-15,12
2022-12-20,2022-12-30,11
2023-01-07,2023-01-11,5
2023-01-01,2023-01-04,4
2006-05-17,2006-05-18,2
2006-03-31,2006-03-31,1
2006-05-13,2006-05-13,1
2014-12-17,2014-12-17,1
2006-05-21,2006-05-21,1
2023-01-14,2023-01-14,1
2023-10-21,2023-10-21,1
