id_evento,data_inicio,data_fim,duracao_dias,intensidade_max,intensidade_media,ano,mes_inicio
1,2006-07-19,2006-07-21,3,29.1,28.933333333333334,2006,7
2,2007-12-15,2007-12-17,3,31.0,30.633333333333336,2007,12
3,2008-02-21,2008-02-24,4,31.1,31.049999999999997,2008,2
4,2008-02-26,2008-02-28,3,31.6,31.233333333333334,2008,2
5,2008-03-11,2008-03-13,3,32.0,31.433333333333337,2008,3
6,2010-01-25,2010-01-28,4,30.9,30.749999999999996,2010,1
7,2010-02-03,2010-02-05,3,31.0,30.866666666666664,2010,2
8,2010-03-03,2010-03-10,8,31.8,31.5,2010,3
9,2010-03-12,2010-03-18,7,32.2,31.571428571428573,2010,3
10,2010-03-25,2010-03-27,3,31.8,31.5,2010,3
11,2010-03-31,2010-04-05,6,32.0,31.5,2010,3
12,2010-04-30,2010-05-02,3,30.8,30.666666666666668,2010,4
13,2010-05-16,2010-05-19,4,30.9,30.7,2010,5
14,2010-05-27,2010-05-30,4,30.9,30.450000000000003,2010,5
15,2010-07-11,2010-07-13,3,29.4,29.066666666666663,2010,7
16,2013-04-07,2013-04-12,6,31.8,31.333333333333332,2013,4
17,2013-04-14,2013-04-17,4,31.8,31.25,2013,4
18,2014-04-26,2014-04-28,3,31.0,30.866666666666664,2014,4
19,2016-06-09,2016-06-11,3,29.9,29.766666666666666,2016,6
20,2016-08-11,2016-08-14,4,29.2,28.974999999999998,2016,8
21,2016-09-01,2016-09-03,3,29.5,29.333333333333332,2016,9
22,2017-12-09,2017-12-12,4,30.5,30.374999999999996,2017,12
23,2018-10-07,2018-10-09,3,30.1,29.866666666666664,2018,10
24,2018-10-21,2018-10-26,6,30.2,30.01666666666667,2018,10
25,2018-11-03,2018-11-08,6,31.0,30.183333333333334,2018,11
26,2018-11-18,2018-11-22,5,30.5,30.22,2018,11
27,2018-12-02,2018-12-06,5,31.5,30.96,2018,12
28,2018-12-08,2018-12-10,3,30.5,30.433333333333334,2018,12
29,2019-01-28,2019-01-30,3,30.8,30.766666666666666,2019,1
30,2019-03-20,2019-03-22,3,32.3,31.766666666666666,2019,3
31,2019-12-06,2019-12-10,5,30.7,30.46,2019,12
32,2020-02-06,2020-02-09,4,31.1,30.975,2020,2
33,2020-03-19,2020-03-24,6,32.8,31.96666666666667,2020,3
34,2020-07-23,2020-07-25,3,29.2,29.099999999999998,2020,7
35,2020-10-13,2020-10-15,3,30.4,29.933333333333334,2020,10
36,2020-11-04,2020-11-07,4,30.7,30.375,2020,11
37,2021-02-10,2021-02-12,3,31.1,30.96666666666667,2021,2
38,2021-06-16,2021-06-18,3,30.0,29.7,2021,6
39,2021-09-08,2021-09-10,3,29.2,29.133333333333336,2021,9
40,2021-09-21,2021-09-24,4,29.9,29.65,2021,9
41,2021-10-03,2021-10-06,4,29.7,29.6,2021,10
42,2021-10-21,2021-10-27,7,30.6,30.314285714285713,2021,10
43,2021-10-30,2021-11-03,5,30.4,30.24,2021,10
44,2021-11-08,2021-11-10,3,30.7,30.233333333333334,2021,11
45,2021-11-22,2021-11-27,6,30.8,30.566666666666666,2021,11
46,2021-12-02,2021-12-05,4,30.7,30.549999999999997,2021,12
47,2021-12-08,2021-12-13,6,31.8,30.950000000000003,2021,12
48,2021-12-16,2021-12-20,5,31.0,30.619999999999997,2021,12
49,2021-12-22,2021-12-25,4,31.5,31.125,2021,12
50,2021-12-27,2021-12-29,3,31.1,30.73333333333333,2021,12
51,2021-12-31,2022-01-10,11,31.1,30.7,2021,12
52,2022-01-22,2022-01-24,3,31.3,31.166666666666668,2022,1
53,2022-02-01,2022-02-04,4,31.2,30.849999999999998,2022,2
54,2022-02-25,2022-03-01,5,31.3,31.1,2022,2
55,2022-11-10,2022-11-12,3,31.1,30.46666666666667,2022,11
56,2023-01-30,2023-02-02,4,31.1,30.924999999999997,2023,1
57,2023-07-14,2023-07-16,3,29.6,29.233333333333334,2023,7
58,2023-08-26,2023-08-31,6,29.8,29.25,2023,8
59,2023-09-04,2023-09-07,4,29.3,29.124999999999996,2023,9
